time,feedback_position_x,feedback_position_y,feedback_position_z,setpoint_speed_z,setpoint_speed_y,setpoint_speed_z
0.0037382,466.8450927734375,556.342041015625,497.4857482910156,0,-193.96649893242835,0
0.007813909,466.8450927734375,556.342041015625,497.4857482910156,0,-195.24922768189447,0
0.012253242,466.8451843261719,556.3421630859375,497.4845886230469,0,-209.3224269008632,0
0.016170783,466.8451843261719,556.3421630859375,497.4845886230469,0,-202.44707176017036,0
0.020020838,466.8443298339844,556.3422241210938,497.4845886230469,0,-207.25390561004295,0
0.024289799,466.84234619140625,556.3430786132813,497.4825744628906,0,-206.61900043240394,0
0.028142009,466.8432312011719,556.3397827148438,497.4829406738281,0,-200.57900346204718,0
0.032402216,466.845458984375,556.323486328125,497.4845275878906,0,-193.6400459768712,0
0.036632795,466.861328125,556.2883911132813,497.52203369140625,0,-207.51070869898166,0
0.040475666,466.9042663574219,556.1797485351563,497.583984375,0,-208.39284309645873,0
0.044502486,466.96484375,555.9989013671875,497.6507568359375,0,-195.0826836309886,0
0.048891067,467.03912353515625,555.7522583007813,497.73583984375,0,-190.8824414084014,0
0.052677102,467.1043395996094,555.4301147460938,497.8285827636719,0,-197.1390760185109,0
0.05657989,467.1565246582031,555.0174560546875,497.9097900390625,0,-199.25922904446884,0
0.06083254,467.1630554199219,554.5469360351563,497.9177551269531,0,-203.78659610429685,0
0.064642594,467.1094665527344,554.0582275390625,497.8607177734375,0,-199.1554228438181,0
0.068662482,467.0212707519531,553.5170288085938,497.78692626953125,0,-203.8154937333464,0
0.072930688,466.93487548828125,552.889404296875,497.7159729003906,0,-208.63470500279308,0
0.076780962,466.8588562011719,552.192138671875,497.6234436035156,0,-199.92224971086176,0
0.080778902,466.7774963378906,551.454345703125,497.51226806640625,0,-193.1445028405558,0
0.08503327,466.7150573730469,550.6774291992188,497.4509582519531,0,-192.74311049148997,0
0.088981916,466.69000244140625,549.846923828125,497.4371032714844,0,-200.65083022056785,0
0.092848834,466.6866149902344,548.9952392578125,497.4332275390625,0,-190.2015196057689,0
0.097251989,466.67974853515625,548.1527709960938,497.4107971191406,0,-208.92528839173545,0
0.101013146,466.6806335449219,547.3208618164063,497.41522216796875,0,-205.695499604379,0
0.10499733,466.68939208984375,546.4816284179688,497.44329833984375,0,-202.03944636189172,0
0.109272931,466.7031555175781,545.6454467773438,497.4778747558594,0,-192.91392737172418,0
0.113117875,466.7089538574219,544.8220825195313,497.5032958984375,0,-203.59695610491644,0
0.117000719,466.7059631347656,544.0079345703125,497.53131103515625,0,-193.19775600455316,0
0.121252315,466.70013427734375,543.1986694335938,497.5633239746094,0,-206.3639406470817,0
0.125159208,466.68536376953125,542.3951416015625,497.57818603515625,0,-204.94934763554267,0
0.129193772,466.6696472167969,541.5907592773438,497.57794189453125,0,-198.69693826939113,0
0.133359201,466.643798828125,540.7897338867188,497.5765686035156,0,-192.8897166461626,0
0.137210017,466.6156005859375,539.9922485351563,497.5668640136719,0,-201.18821181322363,0
0.14125665,466.58392333984375,539.1868896484375,497.5317077636719,0,-204.18216753702205,0
0.145613897,466.5599670410156,538.3847045898438,497.5086669921875,0,-200.10311886200165,0
0.149447149,466.5338439941406,537.5711669921875,497.4765625,0,-205.34448669710636,0
0.153354816,466.5119934082031,536.7618408203125,497.4439392089844,0,-207.70087130026587,0
0.157521768,466.4898376464844,535.952392578125,497.4088439941406,0,-207.71249548007205,0
0.161475712,466.4617919921875,535.1426391601563,497.3786926269531,0,-209.578596775149,0
0.165406367,466.4346923828125,534.33740234375,497.3662414550781,0,-207.8144684412925,0
0.169948767,466.4064636230469,533.5311889648438,497.3551330566406,0,-202.87780914075867,0
0.173554815,466.3868103027344,532.7259521484375,497.34515380859375,0,-202.44985120535927,0
0.177532743,466.36480712890625,531.917236328125,497.33135986328125,0,-194.91150311936244,0
0.181764429,466.3555603027344,531.1038818359375,497.3453063964844,0,-195.37053339417957,0
0.185612411,466.3483581542969,530.2778930664063,497.36846923828125,0,-198.43225972694034,0
0.189587272,466.3515930175781,529.4508666992188,497.3920593261719,0,-196.9054059754471,0
0.193994921,466.3555908203125,528.6179809570313,497.406005859375,0,-201.34367753158057,0
0.197750018,466.3580017089844,527.7827758789063,497.4207763671875,0,-192.56275882136654,0
0.201731849,466.359619140625,526.946044921875,497.43646240234375,0,-194.1213272651694,0
0.205987749,466.34747314453125,526.1136474609375,497.4326171875,0,-208.3357373426638,0
0.209977116,466.3365173339844,525.2891235351563,497.43011474609375,0,-199.21941619661527,0
0.213836893,466.313720703125,524.4647827148438,497.42340087890625,0,-191.870496497148,0
0.218078485,466.2883605957031,523.6471557617188,497.4063415527344,0,-201.3640103670703,0
0.221893986,466.2560729980469,522.8352661132813,497.3916320800781,0,-193.61935474482928,0
0.225912423,466.2202453613281,522.0227661132813,497.3721008300781,0,-197.35726016696375,0
0.230185423,466.1868896484375,521.2155151367188,497.3523864746094,0,-205.2531027885949,0
0.234062715,466.1607666015625,520.4075317382813,497.3301696777344,0,-209.47696941129723,0
0.237985067,466.1431579589844,519.5964965820313,497.31634521484375,0,-202.15937133908454,0
0.242338617,466.1298522949219,518.7876586914063,497.3141174316406,0,-202.0552339776425,0
0.246118606,466.11285400390625,517.9861450195313,497.30914306640625,0,-203.31594096476405,0
0.250163759,466.0941162109375,517.1858520507813,497.30181884765625,0,-196.27800365833266,0
0.254326345,466.07781982421875,516.3878173828125,497.2873840332031,0,-199.06566681657424,0
0.258277717,466.0605773925781,515.5859985351563,497.2745666503906,0,-193.84013743017815,0
0.262202776,466.03851318359375,514.7866821289063,497.2686462402344,0,-203.71290332299014,0
0.266495055,466.022705078125,513.9877319335938,497.27557373046875,0,-208.07439142054739,0
0.270616464,466.0113220214844,513.1817016601563,497.27734375,0,-205.68992151445104,0
0.274359182,466.00146484375,512.3678588867188,497.2721862792969,0,-195.06349128076357,0
0.278506579,465.9966735839844,511.548095703125,497.2744140625,0,-195.71282683294717,0
0.28242236,465.990478515625,510.7287292480469,497.2810363769531,0,-193.59844231254897,0
0.286426711,465.9745178222656,509.91278076171875,497.2789306640625,0,-209.10996246790526,0
0.290867146,465.95831298828125,509.09625244140625,497.2735290527344,0,-193.4414486774203,0
0.294590672,465.9378967285156,508.2866516113281,497.27728271484375,0,-199.0519572385198,0
0.29850745,465.9202575683594,507.4698791503906,497.2784423828125,0,-198.46646660949574,0
0.302720466,465.90460205078125,506.6531982421875,497.27203369140625,0,-203.33151776899956,0
0.306633683,465.8898010253906,505.8427429199219,497.27484130859375,0,-207.7335578592713,0
0.310645954,465.87188720703125,505.0284118652344,497.274169921875,0,-204.50494743958913,0
0.314919881,465.8495788574219,504.223876953125,497.2689208984375,0,-195.3309822006463,0
0.318715378,465.8230285644531,503.4187927246094,497.2540588378906,0,-203.12680879866403,0
0.322693753,465.7992858886719,502.6182556152344,497.247314453125,0,-198.26271543302994,0
0.32684852,465.7772521972656,501.8171081542969,497.24627685546875,0,-198.7486283100774,0
0.330871083,465.7602844238281,501.0083312988281,497.2339782714844,0,-201.7618823059527,0
0.334796747,465.7456359863281,500.19818115234375,497.2181701660156,0,-196.6444013035243,0
0.339124846,465.7290954589844,499.3888244628906,497.19720458984375,0,-204.8385925527269,0
0.342930051,465.71173095703125,498.5793151855469,497.18157958984375,0,-196.16515187809748,0
0.346910241,465.69476318359375,497.7677001953125,497.1768798828125,0,-203.42803194600413,0
0.351154156,465.6763000488281,496.9554748535156,497.1697998046875,0,-193.75926192932127,0
0.355061675,465.6650390625,496.1430358886719,497.15863037109375,0,-205.61515738626355,0
0.358951371,465.6496887207031,495.32952880859375,497.1447448730469,0,-208.936236145161,0
0.363161373,465.63543701171875,494.51763916015625,497.14825439453125,0,-206.52832038880422,0
0.367083967,465.6268005371094,493.6978759765625,497.15106201171875,0,-199.81157837805395,0
0.371297858,465.6120910644531,492.884521484375,497.1510009765625,0,-192.47145658507685,0
0.375305041,465.6053161621094,492.07061767578125,497.16552734375,0,-203.18806685493644,0
0.379122873,465.58917236328125,491.2557373046875,497.16900634765625,0,-202.93860833846213,0
0.383119847,465.5775146484375,490.4489440917969,497.1789855957031,0,-200.29201810950786,0
0.387535073,465.56427001953125,489.6395263671875,497.19183349609375,0,-202.93984991439385,0
0.391360525,465.5507507324219,488.82415771484375,497.19482421875,0,-204.65529435731827,0
0.395276322,465.5369873046875,488.0149841308594,497.1981201171875,0,-197.53208694338997,0
0.399474253,465.514892578125,487.2047424316406,497.1787414550781,0,-199.52628231239453,0
0.403384846,465.4947204589844,486.3977966308594,497.16766357421875,0,-201.1510438718515,0
0.407352592,465.472900390625,485.58502197265625,497.15765380859375,0,-190.61139948739725,0
0.411677503,465.44915771484375,484.7716369628906,497.1404724121094,0,-203.4071012161281,0
0.415505219,465.43109130859375,483.9617919921875,497.11981201171875,0,-197.58222035914844,0
0.419456785,465.4100646972656,483.1474609375,497.0932312011719,0,-200.89532094202002,0
0.423704707,465.3873291015625,482.3403015136719,497.0742492675781,0,-201.8122461540073,0
0.427557547,465.3655090332031,481.5298767089844,497.06683349609375,0,-190.40506189451264,0
0.431608001,465.34893798828125,480.71710205078125,497.0609130859375,0,-208.0649283320737,0
0.435926645,465.33843994140625,479.905517578125,497.0557556152344,0,-195.755504262166,0
0.439680559,465.3234558105469,479.0907897949219,497.0496520996094,0,-195.19828315746958,0
0.443676446,465.3094482421875,478.2774353027344,497.0451354980469,0,-190.09314790976,0
0.447849346,465.29144287109375,477.474365234375,497.0484924316406,0,-203.17737257652965,0
0.451821443,465.27166748046875,476.66619873046875,497.048828125,0,-207.96397044507708,0
0.455734263,465.2587585449219,475.86285400390625,497.05560302734375,0,-190.9883866333471,0
0.460024418,465.2468566894531,475.0527648925781,497.0618896484375,0,-194.03061102167365,0
0.463842957,465.236083984375,474.2361755371094,497.06304931640625,0,-193.08783086110225,0
0.46772841,465.2261657714844,473.42730712890625,497.0664978027344,0,-190.38509345071924,0
0.472314997,465.2069396972656,472.6248474121094,497.05938720703125,0,-205.25589568447802,0
0.475954016,465.19140625,471.8257751464844,497.05926513671875,0,-197.34494944495168,0
0.47988977,465.17498779296875,471.0244445800781,497.0626525878906,0,-195.8350363541118,0
0.484263428,465.1589050292969,470.2221374511719,497.0550231933594,0,-206.66984717518207,0
0.487999024,465.1429138183594,469.4248352050781,497.0421142578125,0,-196.48846922973064,0
0.492013465,465.1263427734375,468.6283874511719,497.03924560546875,0,-196.22762799955683,0
0.496239762,465.1082763671875,467.8299865722656,497.03753662109375,0,-196.3296485003642,0
0.50013112,465.09222412109375,467.03228759765625,497.0321044921875,0,-190.5258167012723,0
0.504101526,465.0726013183594,466.240478515625,497.0118713378906,0,-205.15557662607057,0
0.508368051,465.0521240234375,465.4510803222656,496.9896545410156,0,-199.76218444034157,0
0.512398065,465.03643798828125,464.6584777832031,496.9776306152344,0,-199.93167651326942,0
0.516184318,465.02349853515625,463.85858154296875,496.97503662109375,0,-195.15301625065794,0
0.520460809,465.0093994140625,463.05535888671875,496.9660949707031,0,-197.71622661003317,0
0.524340736,464.9949035644531,462.2569580078125,496.9592590332031,0,-197.95818247809532,0
0.528352532,464.9785461425781,461.4613952636719,496.9514465332031,0,-190.5512398110118,0
0.532767924,464.9630432128906,460.6644592285156,496.94879150390625,0,-200.6795496443388,0
0.536495306,464.9460754394531,459.8682861328125,496.9498291015625,0,-191.74520284119598,0
0.540403311,464.9300231933594,459.070068359375,496.94677734375,0,-202.01341354759228,0
0.544628373,464.9171142578125,458.2709655761719,496.9499816894531,0,-193.45758961017478,0
0.54853024,464.908203125,457.4710998535156,496.9585876464844,0,-197.26346191615414,0
0.552553662,464.8976135253906,456.66802978515625,496.9686279296875,0,-190.90492052534336,0
0.556769493,464.88543701171875,455.86505126953125,496.9752197265625,0,-190.74903601876366,0
0.560643234,464.8671875,455.073486328125,496.974365234375,0,-207.48185793556712,0
0.564567475,464.8514404296875,454.2784118652344,496.9748840332031,0,-203.9578577333574,0
0.568834435,464.8363952636719,453.4854736328125,496.978759765625,0,-194.35873948366702,0
0.573024413,464.8160400390625,452.6886901855469,496.9639587402344,0,-207.1571419625975,0
0.576697673,464.795654296875,451.8966979980469,496.9441223144531,0,-196.5074231512375,0
0.581100038,464.7744445800781,451.1078186035156,496.9312744140625,0,-203.9129179463443,0
0.584903777,464.75445556640625,450.3128967285156,496.9186706542969,0,-192.6348989002494,0
0.588821129,464.7424011230469,449.51666259765625,496.9113464355469,0,-197.14245953194293,0
0.593075565,464.72454833984375,448.72381591796875,496.8969421386719,0,-200.3457909394237,0
0.596991901,464.7059326171875,447.934326171875,496.87945556640625,0,-200.6022628644812,0
0.600919207,464.68743896484375,447.1487121582031,496.8665771484375,0,-200.7892521944328,0
0.605162535,464.6678771972656,446.3558044433594,496.8568420410156,0,-208.22202147952856,0
0.609068951,464.65545654296875,445.55560302734375,496.85736083984375,0,-206.9864236535176,0
0.613049873,464.6455078125,444.7541198730469,496.8634338378906,0,-202.1192110300289,0
0.617240511,464.6326904296875,443.9521484375,496.85479736328125,0,-194.22274149867087,0
0.621078288,464.61907958984375,443.1583251953125,496.8590087890625,0,-198.0519372523019,0
0.625080321,464.60577392578125,442.35772705078125,496.8665466308594,0,-207.0970163960457,0
0.629424738,464.5914001464844,441.55157470703125,496.86578369140625,0,-208.50386066345405,0
0.633247587,464.5789794921875,440.7478332519531,496.8680419921875,0,-209.98270918362795,0
0.637201115,464.56707763671875,439.9417419433594,496.8719177246094,0,-193.4484727620483,0
0.641386566,464.54998779296875,439.1253662109375,496.86920166015625,0,-195.54864684459804,0
0.645286999,464.5388488769531,438.3101806640625,496.87261962890625,0,-208.38770675672515,0
0.649270175,464.5243225097656,437.5032653808594,496.8723449707031,0,-190.764065584416,0
0.653580203,464.50494384765625,436.6923522949219,496.8619384765625,0,-204.4196617144447,0
0.657391928,464.4866638183594,435.8847351074219,496.8596496582031,0,-209.06598499755225,0
0.661317159,464.4688720703125,435.0747985839844,496.8566589355469,0,-194.96271544746125,0
0.665581371,464.4501647949219,434.2579345703125,496.84033203125,0,-208.09851851469455,0
0.669503589,464.4329528808594,433.4480895996094,496.8286437988281,0,-199.5954717377222,0
0.673731111,464.4149475097656,432.6322021484375,496.8172912597656,0,-204.22466844257445,0
0.677875694,464.3971252441406,431.8179016113281,496.8072204589844,0,-198.25021353877946,0
0.681677366,464.3792419433594,431.00933837890625,496.8034362792969,0,-196.82359890394795,0
0.685518031,464.3593444824219,430.1968078613281,496.7915344238281,0,-201.04482191315955,0
0.689752576,464.3425598144531,429.3834533691406,496.77874755859375,0,-198.85259257177142,0
0.693714081,464.3328552246094,428.5675354003906,496.7706604003906,0,-204.39677528238502,0
0.697651692,464.3197021484375,427.74896240234375,496.7584533691406,0,-201.24851678377314,0
0.701921645,464.3056945800781,426.93194580078125,496.7567443847656,0,-209.28542106217878,0
0.70576246,464.291259765625,426.1208801269531,496.76788330078125,0,-201.972037387451,0
0.709789937,464.273681640625,425.3066711425781,496.7649841308594,0,-203.4913139766352,0
0.714052855,464.2557373046875,424.49365234375,496.758056640625,0,-201.92526999019827,0
0.717939623,464.23455810546875,423.6903991699219,496.7618103027344,0,-204.0466959258089,0
0.721809351,464.21734619140625,422.8818054199219,496.7657775878906,0,-194.22496187445938,0
0.726199274,464.1999816894531,422.0708923339844,496.7637634277344,0,-197.69621397184426,0
0.730043231,464.1869812011719,421.2597351074219,496.76385498046875,0,-194.8427312306586,0
0.734041305,464.1717834472656,420.4521789550781,496.7680969238281,0,-207.36789650130947,0
0.738207024,464.15264892578125,419.6407775878906,496.7666931152344,0,-192.0372171990529,0
0.741991239,464.1346130371094,418.8333740234375,496.7663269042969,0,-198.36964635798697,0
0.746002173,464.1177673339844,418.02203369140625,496.75909423828125,0,-205.08231118803238,0
0.750224006,464.1021728515625,417.2051696777344,496.74749755859375,0,-196.44328321322135,0
0.75425787,464.090087890625,416.3915100097656,496.74212646484375,0,-198.8185109915698,0
0.758163652,464.0711975097656,415.5827941894531,496.7352600097656,0,-197.19191320250147,0
0.762352814,464.0508117675781,414.77154541015625,496.7179870605469,0,-195.799339346265,0
0.766306023,464.03656005859375,413.9598388671875,496.70111083984375,0,-197.98026184515393,0
0.770267716,464.02008056640625,413.1534729003906,496.69195556640625,0,-206.74874226658469,0
0.774936895,464.00225830078125,412.3453063964844,496.6861877441406,0,-192.8976100612552,0
0.778441851,463.9888916015625,411.5369567871094,496.68756103515625,0,-190.66697337910074,0
0.78237736,463.9757080078125,410.72637939453125,496.68170166015625,0,-195.265873995875,0
0.78655671,463.9588623046875,409.92132568359375,496.6705017089844,0,-199.13017582170454,0
0.790470155,463.9436340332031,409.1212463378906,496.66375732421875,0,-205.50665953079374,0
0.794439674,463.93182373046875,408.32086181640625,496.6665954589844,0,-200.95695783074459,0
0.798717383,463.91717529296875,407.5161437988281,496.66656494140625,0,-195.27055313400933,0
0.802589408,463.9007263183594,406.7170104980469,496.67144775390625,0,-197.78872593535104,0
0.806446572,463.8865966796875,405.921875,496.6728210449219,0,-209.66760074857916,0
0.810682927,463.869873046875,405.1257629394531,496.6698303222656,0,-196.68660638657695,0
0.814673873,463.85443115234375,404.3287658691406,496.6689147949219,0,-192.31340576843644,0
0.818657805,463.83966064453125,403.5323791503906,496.66778564453125,0,-200.9784542372597,0
0.823012921,463.8233947753906,402.73626708984375,496.6648254394531,0,-194.05128824445077,0
0.826751277,463.8056640625,401.9429626464844,496.65606689453125,0,-206.09362300848386,0
0.830749675,463.7936096191406,401.1483154296875,496.652587890625,0,-193.55356671726176,0
0.835028997,463.78070068359375,400.3481140136719,496.6498718261719,0,-197.8874780019388,0
0.838855289,463.76934814453125,399.5410461425781,496.6465148925781,0,-208.79172776647997,0
0.842802724,463.7558898925781,398.7435607910156,496.6427001953125,0,-196.43350171726178,0
0.847074426,463.73614501953125,397.94781494140625,496.6271667480469,0,-202.5779801159436,0
0.850977686,463.71282958984375,397.1556396484375,496.6196594238281,0,-194.78703635185371,0
0.855020723,463.69952392578125,396.3580627441406,496.6238098144531,0,-209.8257793499705,0
0.85911542,463.6855773925781,395.5551452636719,496.6202392578125,0,-198.4823750599769,0
0.863015427,463.6678771972656,394.7519226074219,496.6023254394531,0,-190.1034304009203,0
0.866963062,463.6519470214844,393.9531555175781,496.59521484375,0,-201.88209778220485,0
0.871334035,463.631591796875,393.1535339355469,496.5964660644531,0,-207.4038146384514,0
0.875426968,463.61102294921875,392.3550109863281,496.5962829589844,0,-204.88868185152478,0
0.87913659,463.5933532714844,391.552001953125,496.59405517578125,0,-198.495365144302,0
0.883277019,463.58343505859375,390.7477722167969,496.5968933105469,0,-197.92664835204877,0
0.887242608,463.5699462890625,389.94415283203125,496.594482421875,0,-191.31153584004826,0
0.891171476,463.5523986816406,389.1407775878906,496.5815734863281,0,-204.9819957778676,0
0.895483001,463.53662109375,388.3429870605469,496.5751953125,0,-207.10284827973,0
0.899314371,463.51934814453125,387.5369567871094,496.5729064941406,0,-197.79866503079003,0
0.903278788,463.5082092285156,386.7242431640625,496.5732116699219,0,-200.28150870008898,0
0.907428345,463.49603271484375,385.9188537597656,496.5709533691406,0,-199.72741545702604,0
0.911384092,463.480224609375,385.1147766113281,496.56219482421875,0,-203.43807089187652,0
0.915476229,463.4634704589844,384.3105773925781,496.5567321777344,0,-194.5256381308552,0
0.919757908,463.4522399902344,383.5033874511719,496.5638122558594,0,-190.22826380692553,0
0.923582252,463.43865966796875,382.69183349609375,496.5583190917969,0,-195.64185336315714,0
0.927467055,463.4242248535156,381.8843688964844,496.5484313964844,0,-201.4729024024562,0
0.931720861,463.4058837890625,381.0832214355469,496.54364013671875,0,-209.96810908990892,0
0.935616234,463.39208984375,380.2817077636719,496.54644775390625,0,-208.88176826258035,0
0.939635367,463.37115478515625,379.4715270996094,496.53814697265625,0,-194.9954191319809,0
0.943853811,463.3551940917969,378.6631774902344,496.5327453613281,0,-202.57622635806575,0
0.947750213,463.3414001464844,377.8609313964844,496.5301208496094,0,-208.21797551670718,0
0.951666088,463.3193359375,377.0606384277344,496.52056884765625,0,-209.74438063630544,0
0.955953109,463.3013916015625,376.26031494140625,496.5182189941406,0,-207.79506351519075,0
0.959799007,463.28692626953125,375.4580078125,496.5201110839844,0,-206.4450655426339,0
0.96374858,463.2727355957031,374.6534423828125,496.51849365234375,0,-195.21011178126534,0
0.968145377,463.2591857910156,373.8484191894531,496.5083923339844,0,-192.2057853462795,0
0.971946836,463.24481201171875,373.04498291015625,496.5035705566406,0,-204.3826444538331,0
0.976192074,463.228759765625,372.24462890625,496.50848388671875,0,-202.6550229849702,0
0.980171776,463.2127990722656,371.4314270019531,496.508056640625,0,-200.99243210873956,0
0.984036426,463.1993103027344,370.6193542480469,496.50115966796875,0,-190.12212770253058,0
0.987949567,463.18798828125,369.80755615234375,496.49713134765625,0,-205.9646605947375,0
0.992150565,463.1702880859375,368.99578857421875,496.4847717285156,0,-198.7883255560175,0
0.996179496,463.14996337890625,368.1839294433594,496.47235107421875,0,-196.38358239416883,0
1.000111272,463.1293640136719,367.3755187988281,496.463134765625,0,-196.76749420581817,0
1.004288991,463.1105041503906,366.5596923828125,496.4625549316406,0,-207.15267379911106,0
1.008235023,463.09442138671875,365.74029541015625,496.45745849609375,0,-209.62443772584362,0
1.012150032,463.0758972167969,364.92974853515625,496.4498596191406,0,-201.15450241772692,0
1.016625938,463.0595397949219,364.12017822265625,496.4522399902344,0,-206.1652784198874,0
1.020274078,463.0425720214844,363.30926513671875,496.45147705078125,0,-207.37040561790587,0
1.024256443,463.02447509765625,362.4946594238281,496.4454650878906,0,-200.4226184460744,0
1.0285268,463.01123046875,361.68597412109375,496.4463195800781,0,-202.8019764227642,0
1.03236461,462.9954833984375,360.880126953125,496.4437561035156,0,-197.48252446292008,0
1.036416872,462.9776916503906,360.07275390625,496.4388732910156,0,-204.48648620918038,0
1.040635022,462.96453857421875,359.26470947265625,496.4421081542969,0,-198.82004716137308,0
1.044517667,462.95343017578125,358.45953369140625,496.4431457519531,0,-203.65973313355258,0
1.048473036,462.9413757324219,357.6514587402344,496.4433898925781,0,-195.97711534988073,0
1.052676182,462.9259948730469,356.8379821777344,496.437744140625,0,-192.90926593298818,0
1.056638702,462.9141540527344,356.0258483886719,496.4349060058594,0,-190.75824470857307,0
1.060587907,462.89752197265625,355.21630859375,496.4326171875,0,-199.04567581513498,0
1.064974597,462.877197265625,354.4028625488281,496.4228210449219,0,-205.9019475385254,0
1.068655887,462.8603515625,353.58990478515625,496.4142150878906,0,-193.4268685021902,0
1.072640095,462.8424987792969,352.7786560058594,496.4032897949219,0,-194.39500553910642,0
1.07712841,462.8266296386719,351.966552734375,496.3899230957031,0,-195.51501389464215,0
1.080769228,462.80767822265625,351.15472412109375,496.38238525390625,0,-194.6154454942283,0
1.08475383,462.79107666015625,350.3443603515625,496.3810729980469,0,-191.95571783267332,0
1.088962069,462.77392578125,349.5361022949219,496.3803405761719,0,-206.2041261002777,0
1.092938512,462.75634765625,348.7322082519531,496.37738037109375,0,-206.66307663007063,0
1.096953411,462.7347412109375,347.9312438964844,496.3675537109375,0,-196.1955141323427,0
1.101088202,462.71966552734375,347.13720703125,496.3653564453125,0,-197.4980322955096,0
1.10500467,462.7106628417969,346.3372802734375,496.3658447265625,0,-193.13550883604827,0
1.108899287,462.692626953125,345.5382080078125,496.36407470703125,0,-193.79818879787598,0
1.113352879,462.6763916015625,344.74517822265625,496.3664245605469,0,-204.830295983723,0
1.117131352,462.6573791503906,343.959716796875,496.36749267578125,0,-194.69573638703932,0
1.12108758,462.6423034667969,343.1695251464844,496.3655700683594,0,-202.47547258514348,0
1.125216459,462.6293029785156,342.3725280761719,496.36376953125,0,-191.38953974300983,0
1.129120705,462.6126708984375,341.5790100097656,496.36322021484375,0,-200.38414390068544,0
1.133121564,462.59918212890625,340.7884216308594,496.3641662597656,0,-193.14790279844044,0
1.137412447,462.58319091796875,339.99664306640625,496.35760498046875,0,-200.88568338337222,0
1.141285781,462.5664367675781,339.19873046875,496.3496398925781,0,-202.7827156616787,0
1.145268424,462.5537109375,338.4004821777344,496.33990478515625,0,-203.91265101815205,0
1.149357578,462.54150390625,337.60955810546875,496.3348083496094,0,-200.53584614925575,0
1.153369687,462.52197265625,336.8160400390625,496.329833984375,0,-194.72789826839133,0
1.157362511,462.503173828125,336.0222473144531,496.3240051269531,0,-208.69724006022955,0
1.161703393,462.4920959472656,335.22589111328125,496.32049560546875,0,-196.0536405867699,0
1.165444738,462.48016357421875,334.4285888671875,496.3159484863281,0,-206.6501212777349,0
1.169401749,462.46673583984375,333.6296081542969,496.3110046386719,0,-193.4630909494026,0
1.173586286,462.4499816894531,332.83404541015625,496.31280517578125,0,-206.4031906918922,0
1.177883535,462.43560791015625,332.0409240722656,496.317138671875,0,-192.31096122037064,0
1.181557553,462.42022705078125,331.24383544921875,496.3135070800781,0,-198.30674845352414,0
1.185786707,462.4045715332031,330.4462890625,496.3092956542969,0,-201.81806141887415,0
1.189623986,462.3887939453125,329.646484375,496.3058166503906,0,-206.3451104543674,0
1.193586727,462.3807067871094,328.84661865234375,496.3138427734375,0,-192.19164815704687,0
1.197949189,462.36236572265625,328.04498291015625,496.30999755859375,0,-199.56449761251733,0
1.201744421,462.3425598144531,327.2392272949219,496.3023986816406,0,-208.044526904194,0
1.205651555,462.32598876953125,326.43975830078125,496.2979736328125,0,-192.94445158170333,0
1.210087976,462.305908203125,325.6443786621094,496.2922058105469,0,-199.57161460141134,0
1.213851,462.2854309082031,324.84283447265625,496.27764892578125,0,-190.32774962343905,0
1.2179305280000001,462.2684631347656,324.0351257324219,496.26593017578125,0,-194.32559337747128,0
1.222033838,462.2511291503906,323.22784423828125,496.2597351074219,0,-198.89725856008803,0
1.225957755,462.23480224609375,322.4278869628906,496.259521484375,0,-204.2721889035239,0
1.2298597039999999,462.2159423828125,321.62945556640625,496.25604248046875,0,-206.82154285087768,0
1.234120159,462.2001647949219,320.8253173828125,496.250244140625,0,-197.15645858373784,0
1.238078934,462.19219970703125,320.01739501953125,496.24957275390625,0,-204.0684548184236,0
1.2420704599999999,462.17919921875,319.2184143066406,496.2483825683594,0,-191.99477774513176,0
1.24618057,462.1601257324219,318.4211730957031,496.24560546875,0,-190.45905480077457,0
1.250107447,462.1441650390625,317.6221618652344,496.24267578125,0,-208.26480810397385,0
1.254021601,462.1304016113281,316.8220520019531,496.2417907714844,0,-194.53487110271905,0
1.258489124,462.1177062988281,316.0226745605469,496.23748779296875,0,-204.12991608836873,0
1.262252149,462.1028747558594,315.2243957519531,496.23724365234375,0,-209.0454024423641,0
1.266116683,462.0867614746094,314.4288024902344,496.2396240234375,0,-197.5371067957123,0
1.270422782,462.07391357421875,313.63037109375,496.242431640625,0,-202.8655840105745,0
1.274305238,462.0596618652344,312.8299560546875,496.2436218261719,0,-190.35057182543497,0
1.278508592,462.0445556640625,312.0321960449219,496.2405090332031,0,-200.85899828519715,0
1.282530824,462.02978515625,311.2326965332031,496.23223876953125,0,-194.66751257047576,0
1.286378471,462.0120544433594,310.4357604980469,496.2236022949219,0,-206.71581511450225,0
1.290333009,461.994873046875,309.63922119140625,496.2236633300781,0,-202.91976178810796,0
1.294575218,461.9775390625,308.8399963378906,496.22314453125,0,-193.89956996820217,0
1.298602247,461.9606628417969,308.03729248046875,496.21319580078125,0,-206.56549396530067,0
1.302531468,461.9468688964844,307.2353515625,496.2064514160156,0,-203.62517910156404,0
1.3068473840000001,461.92999267578125,306.43267822265625,496.19610595703125,0,-191.9104888756815,0
1.310556043,461.915283203125,305.6302185058594,496.19537353515625,0,-192.81931685907844,0
1.314536985,461.8959655761719,304.8285217285156,496.18841552734375,0,-207.77586554246673,0
1.318853628,461.876953125,304.0328063964844,496.19012451171875,0,-194.8199405092396,0
1.322708179,461.8597106933594,303.23187255859375,496.18505859375,0,-209.78563709472044,0
1.326646362,461.84625244140625,302.4278259277344,496.1806335449219,0,-196.75811810808486,0
1.330889406,461.83203125,301.623291015625,496.17913818359375,0,-204.1956504759897,0
1.334734923,461.8152160644531,300.8189392089844,496.1731872558594,0,-204.44619709561374,0
1.338890647,461.7972106933594,300.021484375,496.1681213378906,0,-193.56196348112792,0
1.3430270979999999,461.7831115722656,299.2209167480469,496.1673583984375,0,-195.56788421189694,0
1.346880558,461.76708984375,298.4166259765625,496.1682434082031,0,-206.17980135679116,0
1.3508413639999999,461.7536315917969,297.614013671875,496.17041015625,0,-197.35315664358606,0
1.35520929,461.7372131347656,296.81707763671875,496.1655578613281,0,-209.12842380561582,0
1.359072675,461.7220458984375,296.0184326171875,496.16656494140625,0,-204.19024815038784,0
1.362964986,461.70733642578125,295.2082824707031,496.1634216308594,0,-208.11089629257677,0
1.367092714,461.6958312988281,294.3964538574219,496.1649475097656,0,-202.50221201064556,0
1.3710490929999999,461.6806945800781,293.5942077636719,496.1610412597656,0,-197.0921569517611,0
1.375009964,461.66259765625,292.7958679199219,496.1583557128906,0,-205.4792332418591,0
1.379559046,461.6453552246094,291.994140625,496.15252685546875,0,-209.88631379447054,0
1.3832344060000001,461.630859375,291.1888122558594,496.1488342285156,0,-206.7075671738837,0
1.387102255,461.61517333984375,290.3807678222656,496.1419677734375,0,-204.24119215441166,0
1.391322602,461.599365234375,289.575927734375,496.14105224609375,0,-202.44835280313492,0
1.395226165,461.5840148925781,288.7657470703125,496.1385803222656,0,-195.52410929725238,0
1.399252813,461.5653991699219,287.9549560546875,496.130126953125,0,-207.73485812976028,0
1.40356245,461.5492248535156,287.14398193359375,496.124755859375,0,-197.81201852807828,0
1.407404195,461.5340270996094,286.3299255371094,496.1191101074219,0,-191.40439325010288,0
1.411310375,461.51910400390625,285.5142517089844,496.1235656738281,0,-197.18013490679212,0
1.415552484,461.4994812011719,284.6979064941406,496.11822509765625,0,-190.45348552616403,0
1.4195371780000001,461.4832763671875,283.8858947753906,496.1158142089844,0,-195.24068702665159,0
1.423470264,461.4642028808594,283.07470703125,496.10980224609375,0,-199.74245019554343,0
1.427662056,461.4483337402344,282.25457763671875,496.10498046875,0,-209.0752136250062,0
1.431597474,461.4340515136719,281.43731689453125,496.1046142578125,0,-198.94381202313807,0
1.435502259,461.4141540527344,280.6240234375,496.098876953125,0,-204.15733397349624,0
1.439786168,461.3919982910156,279.8167419433594,496.0975036621094,0,-192.92864479767584,0
1.443692553,461.37432861328125,279.00799560546875,496.0954284667969,0,-205.93433541432418,0
1.44761777,461.35931396484375,278.1961364746094,496.0889587402344,0,-195.7666192564614,0
1.452074794,461.34588623046875,277.39068603515625,496.0830383300781,0,-207.1641939369341,0
1.4557468120000001,461.3295593261719,276.5902099609375,496.0773010253906,0,-198.77251490744112,0
1.459751292,461.3139953613281,275.7899169921875,496.0726318359375,0,-202.74021186128857,0
1.463873994,461.3009338378906,274.98779296875,496.0690002441406,0,-193.31851137721645,0
1.467443747,461.288330078125,274.18731689453125,496.07025146484375,0,-196.9804926519916,0
1.4713896659999999,461.2727355957031,273.3885498046875,496.0695495605469,0,-206.55988727821625,0
1.47566474,461.2619934082031,272.59075927734375,496.0775146484375,0,-205.96989771435494,0
1.479838722,461.24713134765625,271.7938232421875,496.0720520019531,0,-206.36472067589762,0
1.483647978,461.2302551269531,270.9968566894531,496.07049560546875,0,-207.86515205979293,0
1.487822287,461.21624755859375,270.1974792480469,496.0728454589844,0,-204.57196335914742,0
1.491738125,461.1997375488281,269.3943786621094,496.0694274902344,0,-200.68009750214068,0
1.495737267,461.1815490722656,268.5926208496094,496.06463623046875,0,-202.20358494692704,0
1.500164615,461.1635437011719,267.7928771972656,496.0569763183594,0,-197.0494535829883,0
1.503935206,461.1463317871094,266.99066162109375,496.0535888671875,0,-195.01614695961342,0
1.507907215,461.1282958984375,266.18218994140625,496.0462341308594,0,-199.89069804181432,0
1.512120265,461.1139831542969,265.3729553222656,496.0431823730469,0,-203.09652902116767,0
1.516051918,461.0982360839844,264.564697265625,496.0395812988281,0,-207.69735814474296,0
1.5200572,461.0802917480469,263.75823974609375,496.0421447753906,0,-204.3602449028395,0
1.524366248,461.0614013671875,262.94488525390625,496.0357360839844,0,-199.50538359692305,0
1.528343514,461.0475158691406,262.1321105957031,496.03289794921875,0,-208.03852959703602,0
1.532292123,461.0339660644531,261.319091796875,496.0288391113281,0,-191.48232220775057,0
1.536506291,461.0135803222656,260.512451171875,496.02471923828125,0,-194.89811581535628,0
1.54048287,460.99578857421875,259.7099609375,496.0257263183594,0,-197.83038262503518,0
1.544451657,460.979248046875,258.8980407714844,496.023193359375,0,-201.91066513129806,0
1.548717326,460.9644775390625,258.0868225097656,496.0242919921875,0,-196.64387179957913,0
1.5525195699999998,460.9488525390625,257.2770690917969,496.01788330078125,0,-199.9659959616997,0
1.556494894,460.93365478515625,256.467041015625,496.0140686035156,0,-202.39961757128825,0
1.560727332,460.91748046875,255.6513214111328,496.0061950683594,0,-190.8829661967125,0
1.564641339,460.9033508300781,254.84046936035156,496.0050964355469,0,-193.54032135635381,0
1.568605513,460.88690185546875,254.03570556640625,496.0055236816406,0,-203.2963148928468,0
1.572825076,460.8700866699219,253.23289489746094,496.0055236816406,0,-198.6435887984522,0
1.576780034,460.854736328125,252.4300537109375,496.0057067871094,0,-196.90239546480205,0
1.580957379,460.83856201171875,251.62741088867188,495.99908447265625,0,-191.24434593925633,0
1.584974208,460.82122802734375,250.82644653320313,495.9952087402344,0,-207.30840958763542,0
1.588801724,460.8086853027344,250.02589416503906,495.99530029296875,0,-192.35451911696504,0
1.5927487569999998,460.7947998046875,249.22381591796875,495.992919921875,0,-205.56894722227256,0
1.5971619750000001,460.77880859375,248.4231719970703,495.98486328125,0,-190.555209478348,0
1.600995014,460.76434326171875,247.62655639648438,495.9832763671875,0,-206.3387326729674,0
1.604974611,460.7480773925781,246.8304443359375,495.98345947265625,0,-202.52506485292025,0
1.609055651,460.7318420410156,246.03494262695313,495.9817199707031,0,-205.39079308090498,0
1.613007206,460.71710205078125,245.24424743652344,495.9794006347656,0,-193.57389858311726,0
1.61694777,460.69781494140625,244.45623779296875,495.97369384765625,0,-196.15973983278394,0
1.6212264840000001,460.6807556152344,243.66207885742188,495.9719543457031,0,-198.5961669518498,0
1.625145926,460.6643371582031,242.8683319091797,495.9712829589844,0,-193.45341261025476,0
1.6290788950000001,460.6459045410156,242.07803344726563,495.9687805175781,0,-190.12416467058318,0
1.63324533,460.6284484863281,241.2843475341797,495.96722412109375,0,-204.11269410463044,0
1.637183565,460.614501953125,240.48855590820313,495.9668884277344,0,-209.9260412325448,0
1.641204708,460.5953369140625,239.68788146972656,495.9573974609375,0,-197.34170710964207,0
1.645509838,460.5815124511719,238.89169311523438,495.9548034667969,0,-194.68609198323824,0
1.649238556,460.56512451171875,238.09417724609375,495.9543151855469,0,-197.07946429653245,0
1.6532920519999998,460.5515441894531,237.29493713378906,495.95159912109375,0,-199.83152670937415,0
1.657453415,460.5375061035156,236.49659729003906,495.9485168457031,0,-196.2666325638943,0
1.661445114,460.5198059082031,235.7041473388672,495.9454040527344,0,-199.93879485699645,0
1.665381833,460.5013732910156,234.9073486328125,495.9403076171875,0,-196.37658977201068,0
1.669593181,460.4894714355469,234.1083526611328,495.93963623046875,0,-206.558662151437,0
1.673427308,460.4744567871094,233.3090057373047,495.9354553222656,0,-200.07517726920665,0
1.677418378,460.45977783203125,232.510986328125,495.93414306640625,0,-190.71612032172624,0
1.68201172,460.4440002441406,231.71246337890625,495.933837890625,0,-190.96866213250635,0
1.685544548,460.42822265625,230.9101104736328,495.93487548828125,0,-198.71393654223138,0
1.689565861,460.4131164550781,230.1149139404297,495.9323425292969,0,-202.2587506571523,0
1.693936217,460.3974304199219,229.32257080078125,495.92510986328125,0,-196.9123281972032,0
1.6976907350000001,460.3801574707031,228.53115844726563,495.9227294921875,0,-204.47102642169634,0
1.70172155,460.36767578125,227.73434448242188,495.9240417480469,0,-197.3284567289331,0
1.705831081,460.3506164550781,226.9381561279297,495.92041015625,0,-200.46972636081864,0
1.709748899,460.33233642578125,226.1507110595703,495.9211120605469,0,-196.2525200895766,0
1.7136892449999999,460.3199157714844,225.3578643798828,495.9248046875,0,-201.90239757246735,0
1.717975886,460.3020324707031,224.55747985839844,495.9193115234375,0,-190.70472874658583,0
1.7219615799999999,460.2886657714844,223.76043701171875,495.9179382324219,0,-209.90008576211582,0
1.7259202839999999,460.2707214355469,222.97369384765625,495.9161682128906,0,-196.11666592085126,0
1.730044088,460.2518615722656,222.1848907470703,495.91192626953125,0,-201.55826020532774,0
1.73395953,460.2369079589844,221.38711547851563,495.9062805175781,0,-197.74723479760195,0
1.737891863,460.225341796875,220.5883026123047,495.9050598144531,0,-203.41497470849237,0
1.7423561539999999,460.20892333984375,219.7898712158203,495.89642333984375,0,-193.31498034046095,0
1.746103449,460.19024658203125,218.99578857421875,495.89459228515625,0,-195.88765308217327,0
1.7500303289999999,460.17523193359375,218.197021484375,495.8939514160156,0,-198.7776785113527,0
1.75421704,460.1589660644531,217.4014434814453,495.8937683105469,0,-209.26863197765337,0
1.758166329,460.1418151855469,216.60440063476563,495.8905944824219,0,-204.8156211307595,0
1.7621405540000001,460.12652587890625,215.806884765625,495.8857727050781,0,-191.44624625965565,0
1.766369552,460.1144104003906,215.00930786132813,495.88818359375,0,-196.9485124737797,0
1.770269566,460.0968017578125,214.20562744140625,495.8859558105469,0,-205.08177193326958,0
1.774244308,460.0816955566406,213.4064178466797,495.8834228515625,0,-193.70322224399388,0
1.778480278,460.06585693359375,212.6084747314453,495.8806457519531,0,-204.2273298551375,0
1.7826276220000001,460.0494689941406,211.8087158203125,495.87677001953125,0,-195.29381141366875,0
1.7863905039999999,460.0323791503906,211.00889587402344,495.87347412109375,0,-205.46000861174525,0
1.790652532,460.01837158203125,210.2062530517578,495.87396240234375,0,-195.74934725247007,0
1.794495618,460.0018005371094,209.4077911376953,495.8693542480469,0,-194.28797558028032,0
1.798387597,459.98309326171875,208.6121063232422,495.86822509765625,0,-193.49362901515087,0
1.802692006,459.9685363769531,207.8137664794922,495.86846923828125,0,-208.33953148026632,0
1.8065459270000002,459.9512939453125,207.01197814941406,495.8620910644531,0,-199.31895654931327,0
1.810534585,459.9371643066406,206.21273803710938,495.8601379394531,0,-191.15515791074802,0
1.814758708,459.92010498046875,205.41769409179688,495.859130859375,0,-191.60140462306614,0
1.818636384,459.9004821777344,204.61863708496094,495.8561706542969,0,-194.44110621256743,0
1.8226171839999998,459.88836669921875,203.8183135986328,495.85467529296875,0,-191.44100166444997,0
1.8268496650000001,459.87310791015625,203.0203857421875,495.8489990234375,0,-191.14726648551095,0
1.830706663,459.8587951660156,202.2205810546875,495.8526916503906,0,-206.6653597063452,0
1.834600955,459.843017578125,201.41969299316406,495.8576354980469,0,-197.62908887387954,0
1.839112265,459.8292541503906,200.62242126464844,495.8572998046875,0,-201.55991656298966,0
1.8429152420000001,459.80816650390625,199.8307647705078,495.8504333496094,0,-191.850841090017,0
1.846819962,459.7936706542969,199.03990173339844,495.8511657714844,0,-194.28911826418732,0
1.85102717,459.7790222167969,198.24578857421875,495.8507080078125,0,-194.60135870868677,0
1.85492279,459.7626953125,197.4503936767578,495.8426513671875,0,-195.04789764013555,0
1.858889531,459.75079345703125,196.6626739501953,495.8398742675781,0,-204.36068502118997,0
1.863179949,459.73345947265625,195.87466430664063,495.8392639160156,0,-206.30622389732346,0
1.86707343,459.7156982421875,195.0842742919922,495.83685302734375,0,-204.3538919935738,0
1.870948498,459.7023620605469,194.29434204101563,495.8384094238281,0,-203.96090325665747,0
1.875200406,459.6828308105469,193.50738525390625,495.8340148925781,0,-194.73325466290058,0
1.8791104760000001,459.6710510253906,192.72264099121094,495.8370056152344,0,-208.1057519818131,0
1.8833481970000001,459.654296875,191.9342041015625,495.8334045410156,0,-190.45120984462568,0
1.887442206,459.638427734375,191.1522674560547,495.83306884765625,0,-190.15203161279484,0
1.891131461,459.62127685546875,190.3677520751953,495.8275451660156,0,-197.90855491743116,0
1.895163119,459.6071472167969,189.57510375976563,495.82421875,0,-207.57903653746976,0
1.899373647,459.5934753417969,188.7821044921875,495.8232727050781,0,-204.0593322006683,0
1.903311039,459.57269287109375,187.9866943359375,495.814208984375,0,-204.77189443772113,0
1.907288128,459.5594482421875,187.1964111328125,495.81500244140625,0,-202.66306881575187,0
1.9115833549999999,459.543212890625,186.39149475097656,495.814697265625,0,-204.8938372606887,0
1.91541777,459.5228271484375,185.59027099609375,495.80780029296875,0,-200.3878584978126,0
1.919351512,459.50982666015625,184.79689025878906,495.8105773925781,0,-197.31646215515113,0
1.923672595,459.4923095703125,183.997802734375,495.80780029296875,0,-192.38747254419127,0
1.927543579,459.47381591796875,183.1945037841797,495.79913330078125,0,-203.71839902869206,0
1.931409451,459.4612121582031,182.3966064453125,495.8050537109375,0,-198.49050702610657,0
1.935875681,459.4445495605469,181.5909423828125,495.80328369140625,0,-194.4973330555192,0
1.939564978,459.4313659667969,180.78611755371094,495.8012390136719,0,-209.8787173956152,0
1.943653627,459.4152526855469,179.97503662109375,495.80322265625,0,-208.6344274356034,0
1.9477667109999999,459.4009704589844,179.16725158691406,495.8023986816406,0,-190.4572926861548,0
1.9516508529999999,459.3878479003906,178.3636474609375,495.8029479980469,0,-202.62353594025603,0
1.955695876,459.36871337890625,177.56277465820313,495.7958679199219,0,-200.44123416453104,0
1.959887631,459.35284423828125,176.75680541992188,495.7939147949219,0,-206.01096386706175,0
1.96383845,459.3385009765625,175.9534149169922,495.7906799316406,0,-197.23705660588953,0
1.967760733,459.3212585449219,175.15042114257813,495.7870788574219,0,-209.79979396783185,0
1.971957854,459.30401611328125,174.35089111328125,495.7861328125,0,-199.13554229235964,0
1.975869458,459.28826904296875,173.54739379882813,495.7864990234375,0,-197.14718247125856,0
1.979860145,459.2706298828125,172.7390899658203,495.7838134765625,0,-207.44789227026013,0
1.984536484,459.2561340332031,171.9349822998047,495.7835388183594,0,-202.1266945251219,0
1.987979073,459.23883056640625,171.13327026367188,495.78167724609375,0,-203.18867569679296,0
1.991917139,459.22314453125,170.3296356201172,495.7799377441406,0,-205.03005961675433,0
1.996128702,459.2112731933594,169.52537536621094,495.7799377441406,0,-202.94046179565177,0
2.000111269,459.19219970703125,168.7203826904297,495.774169921875,0,-205.21334161476227,0
2.004091925,459.180908203125,167.91322326660156,495.7806701660156,0,-190.0459959482417,0
2.008310835,459.16400146484375,167.1029815673828,495.7831115722656,0,-207.11823744150485,0
2.012175032,459.1468811035156,166.2960968017578,495.7795715332031,0,-193.22093583355627,0
2.016125196,459.1322021484375,165.4895477294922,495.7824401855469,0,-200.7369134410055,0
2.020330124,459.1153564453125,164.67872619628906,495.7834167480469,0,-203.44977168573874,0
2.024323202,459.0987548828125,163.86692810058594,495.7757873535156,0,-209.2858896577996,0
2.028299332,459.08319091796875,163.05300903320313,495.77520751953125,0,-207.10636725552223,0
2.032583005,459.06524658203125,162.2386932373047,495.7684326171875,0,-190.15980279848347,0
2.036340725,459.0462341308594,161.42742919921875,495.7613525390625,0,-195.8957870603435,0
2.040273023,459.0321960449219,160.61935424804688,495.7639465332031,0,-206.0218611120159,0
2.044614961,459.013916015625,159.80921936035156,495.759521484375,0,-198.14802864574455,0
2.048426808,458.9962158203125,158.99874877929688,495.7561340332031,0,-190.53032541203598,0
2.052423224,458.9829406738281,158.19175720214844,495.7598571777344,0,-206.93925018844104,0
2.056655042,458.96075439453125,157.3860321044922,495.755126953125,0,-202.65977954104957,0
2.060618181,458.94415283203125,156.57676696777344,495.75262451171875,0,-209.68626425563778,0
2.0646185360000002,458.9304504394531,155.76695251464844,495.7546081542969,0,203.71787435226082,0
2.068776353,458.9112243652344,154.96006774902344,495.74908447265625,0,201.37072936663733,0
2.072688916,458.8955383300781,154.1567840576172,495.74981689453125,0,207.8469086633138,0
2.076675917,458.8837585449219,153.35324096679688,495.75079345703125,0,207.3140906791072,0
2.081020904,458.86419677734375,152.5513916015625,495.7445068359375,0,203.75161518251522,0
2.085031115,458.84991455078125,151.74783325195313,495.7425842285156,0,204.57755437484457,0
2.088721748,458.83551025390625,150.9412078857422,495.7428283691406,0,200.68459533503275,0
2.092962413,458.8153991699219,150.15518188476563,495.7320861816406,0,201.9104158192471,0
2.096807396,458.79962158203125,149.44383239746094,495.71881103515625,0,198.0618759344881,0
2.100757181,458.77734375,148.84835815429688,495.6929931640625,0,207.11366501246385,0
2.105151966,458.7493591308594,148.37754821777344,495.6641540527344,0,209.20299267998368,0
2.108979467,458.7215576171875,148.04978942871094,495.64044189453125,0,193.0325557150797,0
2.112887614,458.6937255859375,147.892578125,495.61767578125,0,204.80259360732973,0
2.117085933,458.6791687011719,147.89920043945313,495.59991455078125,0,209.2414677570592,0
2.121050688,458.68646240234375,148.02053833007813,495.6270446777344,0,208.38616752558647,0
2.125061725,458.69549560546875,148.2162322998047,495.6438903808594,0,204.7388363782518,0
2.129362999,458.7117004394531,148.53880310058594,495.6680908203125,0,203.05316818077995,0
2.133107748,458.7359924316406,149.0290069580078,495.70855712890625,0,195.95038948543748,0
2.13709591,458.7476806640625,149.62445068359375,495.73138427734375,0,208.07385089698363,0
2.141313047,458.7663879394531,150.29815673828125,495.76373291015625,0,199.66258879546547,0
2.145247594,458.7802734375,151.0710906982422,495.78662109375,0,203.51695485848208,0
2.149134165,458.7828063964844,151.93353271484375,495.79071044921875,0,193.44077734365922,0
2.153412508,458.7784423828125,152.81631469726563,495.7908630371094,0,193.47495626587786,0
2.157299505,458.7748107910156,153.6844024658203,495.7933349609375,0,203.7420830251018,0
2.161278907,458.7662048339844,154.5436553955078,495.7958068847656,0,208.40198221315578,0
2.165603049,458.74774169921875,155.3954315185547,495.7791748046875,0,191.41711566803312,0
2.169463809,458.72607421875,156.24842834472656,495.7554016113281,0,208.1472732200621,0
2.173427166,458.7016296386719,157.0988311767578,495.7354736328125,0,207.48096567093782,0
2.177770753,458.6830139160156,157.9332275390625,495.7171630859375,0,202.28708851404056,0
2.181533137,458.6651306152344,158.746826171875,495.7023010253906,0,194.21223579508717,0
2.185782505,458.6527099609375,159.54457092285156,495.69537353515625,0,206.00558496213088,0
2.189770666,458.64556884765625,160.33120727539063,495.6902770996094,0,204.03438143176183,0
2.193598898,458.6378173828125,161.10655212402344,495.685791015625,0,195.64096716197326,0
2.1975690979999998,458.6326599121094,161.88587951660156,495.69189453125,0,203.84882244968657,0
2.201894125,458.6222229003906,162.68658447265625,495.7049560546875,0,200.0399300298888,0
2.205737074,458.6029052734375,163.50486755371094,495.7182922363281,0,195.3986431826971,0
2.209701588,458.5819091796875,164.326904296875,495.7360534667969,0,198.041400756993,0
2.213852624,458.5632629394531,165.1438751220703,495.758056640625,0,193.51726833946606,0
2.21784144,458.5431213378906,165.95803833007813,495.76605224609375,0,195.6233833502216,0
2.221785965,458.5273132324219,166.77761840820313,495.7724609375,0,202.7403994863609,0
2.226228305,458.50750732421875,167.59715270996094,495.78265380859375,0,192.20513774766752,0
2.229876017,458.4866638183594,168.41970825195313,495.78070068359375,0,207.06923302280651,0
2.233807469,458.4654846191406,169.2539825439453,495.76580810546875,0,194.61711554071306,0
2.23809649,458.446533203125,170.0987091064453,495.7486572265625,0,200.61203504837664,0
2.241988241,458.4221496582031,170.93736267089844,495.72442626953125,0,199.00394826044334,0
2.246006342,458.399169921875,171.7617645263672,495.7015380859375,0,209.1223996861966,0
2.25017586,458.38641357421875,172.5784149169922,495.68524169921875,0,190.4728708978108,0
2.2540728740000002,458.37030029296875,173.38514709472656,495.6653747558594,0,191.78425860503336,0
2.258081588,458.3565979003906,174.19351196289063,495.65277099609375,0,192.38237781418923,0
2.262403495,458.34259033203125,175.00167846679688,495.6446228027344,0,201.53904384451647,0
2.266241495,458.3296813964844,175.7962188720703,495.6395568847656,0,190.72468785164503,0
2.270199195,458.31707763671875,176.57615661621094,495.63214111328125,0,203.2817032169455,0
2.274526305,458.3075866699219,177.35409545898438,495.6309509277344,0,207.21302128896895,0
2.278279745,458.2911071777344,178.1405487060547,495.63623046875,0,196.68972428893332,0
2.282282136,458.26910400390625,178.9401397705078,495.64483642578125,0,199.34399751823364,0
2.286817399,458.25048828125,179.74246215820313,495.66278076171875,0,201.726091979827,0
2.290433005,458.2307434082031,180.5457763671875,495.6786193847656,0,198.20036000266634,0
2.294384029,458.2113952636719,181.34707641601563,495.6922607421875,0,196.44585111651296,0
2.298628758,458.1968994140625,182.15379333496094,495.7134094238281,0,192.8562277018351,0
2.302501209,458.1744689941406,182.96435546875,495.7235412597656,0,207.97509678137308,0
2.306535596,458.1534423828125,183.77947998046875,495.720947265625,0,193.95926808036666,0
2.310666357,458.1374816894531,184.59378051757813,495.72113037109375,0,205.09964103189694,0
2.314567746,458.1180419921875,185.40585327148438,495.7040710449219,0,195.4981714549735,0
2.318498972,458.1035461425781,186.2198486328125,495.68988037109375,0,201.23672469725852,0
2.322907383,458.0902404785156,187.03529357910156,495.6728515625,0,194.9410331268763,0
2.326747409,458.072021484375,187.84388732910156,495.6481018066406,0,201.8159805984795,0
2.330651507,458.05615234375,188.65042114257813,495.63165283203125,0,197.31087150432708,0
2.334860386,458.044189453125,189.45135498046875,495.6169128417969,0,195.59580619517342,0
2.338738407,458.0289611816406,190.24778747558594,495.5958251953125,0,202.44097340633385,0
2.342692618,458.0163269042969,191.04367065429688,495.58294677734375,0,204.39268565759681,0
2.3470521,458.0000305175781,191.845703125,495.5777282714844,0,193.76962713157607,0
2.350914413,457.97998046875,192.6455535888672,495.5741271972656,0,196.28329759406037,0
2.354897731,457.965576171875,193.44454956054688,495.5848693847656,0,204.9634433648473,0
2.359056591,457.9493408203125,194.2437744140625,495.6014404296875,0,195.9336882221967,0
2.362918588,457.9305419921875,195.04495239257813,495.61907958984375,0,206.62462766575797,0
2.366950734,457.915771484375,195.85057067871094,495.6394958496094,0,197.40805580147293,0
2.371298399,457.8956298828125,196.6581268310547,495.65618896484375,0,195.52147552015333,0
2.375096634,457.87628173828125,197.4703369140625,495.6732482910156,0,195.50560165223376,0
2.379059719,457.8578186035156,198.28387451171875,495.6850280761719,0,201.14388145762112,0
2.38322245,457.83782958984375,199.09780883789063,495.68597412109375,0,191.67338404535175,0
2.38739664,457.82232666015625,199.91470336914063,495.6844177246094,0,205.93642881642012,0
2.391099311,457.8050537109375,200.72665405273438,495.671142578125,0,207.49063439222917,0
2.395325459,457.7906188964844,201.5355682373047,495.6518859863281,0,208.35312656672198,0
2.399209643,457.7818298339844,202.34278869628906,495.6379089355469,0,200.54948733576822,0
2.403224397,457.7662048339844,203.1485137939453,495.61865234375,0,190.5198652236818,0
2.40749058,457.75250244140625,203.95770263671875,495.60418701171875,0,203.91679701932054,0
2.4113721,457.7356262207031,204.7649383544922,495.58917236328125,0,204.0903221577079,0
2.415287198,457.7185363769531,205.5678253173828,495.5756530761719,0,196.44992691847565,0
2.4196170009999998,457.7032165527344,206.37460327148438,495.564697265625,0,198.60869217090794,0
2.423430839,457.68414306640625,207.1775665283203,495.5553894042969,0,201.5106855446278,0
2.42750228,457.6679992675781,207.98501586914063,495.55401611328125,0,194.88400690224105,0
2.431672295,457.6490173339844,208.7949981689453,495.5540466308594,0,197.72558652032777,0
2.43550257,457.6313171386719,209.60572814941406,495.5624084472656,0,208.86050815928394,0
2.439501783,457.61798095703125,210.4156951904297,495.5810241699219,0,209.86970496312182,0
2.443703706,457.5970458984375,211.2239532470703,495.5923156738281,0,191.1703025025742,0
2.447692551,457.5844421386719,212.04037475585938,495.6132507324219,0,195.9791766820109,0
2.45165346,457.5677490234375,212.852783203125,495.6238098144531,0,194.25059374342413,0
2.455811947,457.55023193359375,213.66799926757813,495.62890625,0,200.16776187876604,0
2.459685852,457.53564453125,214.48355102539063,495.63726806640625,0,198.54705080818474,0
2.463639432,457.5176086425781,215.29635620117188,495.63433837890625,0,197.86587747398278,0
2.46810429,457.50396728515625,216.10977172851563,495.6287536621094,0,192.35077890651198,0
2.471843114,457.4859313964844,216.92721557617188,495.61468505859375,0,200.44219559606884,0
2.475741841,457.4694519042969,217.74024963378906,495.59637451171875,0,191.04586863265166,0
2.479925746,457.45404052734375,218.54847717285156,495.57958984375,0,191.35946412635187,0
2.4838732,457.4386901855469,219.3561553955078,495.5637512207031,0,209.42887502366943,0
2.488040273,457.42547607421875,220.1686553955078,495.5482482910156,0,198.31119243997207,0
2.492089551,457.4043273925781,220.97589111328125,495.5352478027344,0,204.27966555188954,0
2.495992104,457.38946533203125,221.78109741210938,495.52911376953125,0,192.62290486555113,0
2.499997612,457.3716735839844,222.58924865722656,495.521484375,0,205.84138878192624,0
2.504216608,457.3505859375,223.3952178955078,495.516845703125,0,190.0886816105438,0
2.508162548,457.3361511230469,224.19956970214844,495.5263671875,0,190.12680569007603,0
2.512065381,457.3178405761719,224.999267578125,495.5287170410156,0,193.6001111492972,0
2.516421106,457.30029296875,225.80531311035156,495.53741455078125,0,209.87059928870852,0
2.520223635,457.2841491699219,226.60934448242188,495.54547119140625,0,196.14271850751743,0
2.524176122,457.2680358886719,227.40786743164063,495.5582275390625,0,193.5373404796974,0
2.528487873,457.2537536621094,228.2024383544922,495.57269287109375,0,200.81311295386448,0
2.532312218,457.2384033203125,228.99916076660156,495.5789489746094,0,201.840285203682,0
2.536275755,457.2257995605469,229.8010711669922,495.5893249511719,0,194.9258941290867,0
2.540536809,457.2090759277344,230.59762573242188,495.58697509765625,0,203.0792045747225,0
2.544409744,457.1979064941406,231.39532470703125,495.585205078125,0,193.1346065477067,0
2.5484583819999997,457.1814270019531,232.193603515625,495.57208251953125,0,201.12010773557566,0
2.552586857,457.1678466796875,232.99447631835938,495.5643615722656,0,203.41484841707563,0
2.556496812,457.1515808105469,233.795654296875,495.5505065917969,0,207.0578260267353,0
2.560488862,457.13360595703125,234.60092163085938,495.5352783203125,0,205.97668236757926,0
2.56496716,457.118408203125,235.40817260742188,495.52490234375,0,206.33959688876382,0
2.568614348,457.0979919433594,236.2133026123047,495.5126647949219,0,196.01348222997498,0
2.572657635,457.0821838378906,237.01417541503906,495.5073547363281,0,208.7585917801481,0
2.576763101,457.0640563964844,237.81658935546875,495.4998779296875,0,197.09671021226023,0
2.580689313,457.0459899902344,238.62631225585938,495.4935607910156,0,191.05898936058148,0
2.584624293,457.0258483886719,239.43719482421875,495.4902648925781,0,198.40598753673123,0
2.589233391,457.0132751464844,240.2487335205078,495.4968566894531,0,200.16086973325682,0
2.592818728,456.9967041015625,241.05934143066406,495.501220703125,0,208.05305584878218,0
2.596719944,456.98101806640625,241.87208557128906,495.510498046875,0,206.61646705412082,0
2.601049917,456.9656677246094,242.68399047851563,495.5223693847656,0,198.90141477059214,0
2.604888608,456.94921875,243.49810791015625,495.52911376953125,0,190.8552868580356,0
2.608895959,456.9344482421875,244.31436157226563,495.5334167480469,0,199.71460354138947,0
2.613235827,456.9203186035156,245.12033081054688,495.5309753417969,0,205.52500188980034,0
2.616967951,456.9092102050781,245.9266357421875,495.5335388183594,0,202.88674133747736,0
2.620952043,456.89251708984375,246.73753356933594,495.5284118652344,0,209.6560268933383,0
2.625141185,456.876708984375,247.556396484375,495.52362060546875,0,205.58524824471718,0
2.6291299390000002,456.8586730957031,248.37249755859375,495.5143737792969,0,197.61410092077233,0
2.632995077,456.84454345703125,249.1902313232422,495.50860595703125,0,201.35059140006118,0
2.637261112,456.82501220703125,250.00506591796875,495.4928283691406,0,207.34847344741007,0
2.641130135,456.8064270019531,250.82415771484375,495.47955322265625,0,197.77578111410094,0
2.645127077,456.78839111328125,251.64479064941406,495.4682922363281,0,206.7272151272622,0
2.649417272,456.7701416015625,252.46226501464844,495.4601745605469,0,206.9254633116113,0
2.65325396,456.7528076171875,253.28189086914063,495.45770263671875,0,209.8465644398871,0
2.657194427,456.7333068847656,254.10032653808594,495.45306396484375,0,192.59740943207535,0
2.661594591,456.7120666503906,254.91758728027344,495.4442138671875,0,195.80252976970908,0
2.66534853,456.69793701171875,255.7393035888672,495.4460144042969,0,203.99488677966337,0
2.6694155889999998,456.6835021972656,256.5592956542969,495.4495544433594,0,193.66174144507193,0
2.673588688,456.66705322265625,257.3803405761719,495.4577331542969,0,199.7919540640535,0
2.677413014,456.65191650390625,258.1971740722656,495.4673156738281,0,209.60499707402442,0
2.681398401,456.63629150390625,259.0163269042969,495.4735412597656,0,190.02809734859483,0
2.685621001,456.6203308105469,259.8336486816406,495.4742736816406,0,195.32869256459077,0
2.689859245,456.6080322265625,260.65252685546875,495.4808654785156,0,195.92782895897255,0
2.693524315,456.5941162109375,261.46820068359375,495.47943115234375,0,202.00030336372615,0
2.697694396,456.5768127441406,262.290771484375,495.4752502441406,0,202.78682324940507,0
2.701655743,456.5605773925781,263.1117248535156,495.4687805175781,0,204.7202298502661,0
2.705530526,456.5470275878906,263.92840576171875,495.4627990722656,0,205.50444143490068,0
2.710080488,456.531494140625,264.7399597167969,495.4577941894531,0,194.6627926666686,0
2.713755673,456.51690673828125,265.55621337890625,495.45477294921875,0,207.9136077998089,0
2.7176731629999997,456.497314453125,266.37255859375,495.44744873046875,0,202.33079790419944,0
2.7219139009999997,456.4783630371094,267.1887512207031,495.4402160644531,0,205.69159389626103,0
2.725805162,456.45843505859375,268.005615234375,495.43060302734375,0,194.69274983106573,0
2.729771107,456.4407043457031,268.8197326660156,495.4200134277344,0,206.28085202562076,0
2.73412965,456.4225158691406,269.63238525390625,495.41241455078125,0,192.3048563643119,0
2.737935957,456.4036865234375,270.4459533691406,495.4105224609375,0,194.27128355422897,0
2.7418963659999998,456.3827819824219,271.2607116699219,495.4109802246094,0,191.75626265730287,0
2.746120913,456.36444091796875,272.0740661621094,495.4106140136719,0,206.1212136833481,0
2.750077691,456.3497314453125,272.8819580078125,495.4078063964844,0,194.4009104198537,0
2.753983845,456.33868408203125,273.6896667480469,495.408447265625,0,203.89365175343198,0
2.758419688,456.3228454589844,274.4963684082031,495.41021728515625,0,191.49680094489574,0
2.762118054,456.3079528808594,275.3084716796875,495.41436767578125,0,195.81833505635433,0
2.766115074,456.2933654785156,276.11944580078125,495.4159240722656,0,204.44563970234597,0
2.770396025,456.2810974121094,276.9266052246094,495.41845703125,0,206.61109969540718,0
2.774265096,456.267822265625,277.73687744140625,495.42083740234375,0,201.87934196234838,0
2.778131694,456.2508850097656,278.5487365722656,495.414306640625,0,204.76069147777957,0
2.78242871,456.2347717285156,279.3609619140625,495.41009521484375,0,203.3532153004734,0
2.7863779109999998,456.2185363769531,280.1713562011719,495.4076843261719,0,190.21744686788222,0
2.790552269,456.2022705078125,280.978759765625,495.40081787109375,0,192.05939624721393,0
2.794541412,456.18212890625,281.79290771484375,495.3956604003906,0,197.04943649598547,0
2.798451112,456.16473388671875,282.6039733886719,495.3870544433594,0,200.39523287186393,0
2.802380474,456.1450500488281,283.4093933105469,495.3737487792969,0,198.02939153512608,0
2.806738767,456.1314392089844,284.2180480957031,495.36895751953125,0,194.62667610372648,0
2.810584768,456.11126708984375,285.02813720703125,495.3639221191406,0,203.90804372988146,0
2.814546097,456.0926818847656,285.8404846191406,495.361572265625,0,198.71429390479025,0
2.818726849,456.0718688964844,286.6494140625,495.3554382324219,0,202.13284499580433,0
2.8226309389999997,456.05792236328125,287.4561462402344,495.35650634765625,0,198.6984911755352,0
2.826576379,456.04248046875,288.25836181640625,495.3537292480469,0,202.25137197957943,0
2.83093619,456.02789306640625,289.0624084472656,495.3556823730469,0,198.31179645726277,0
2.834729341,456.0162353515625,289.8652648925781,495.3572082519531,0,203.25345198946823,0
2.838664993,456.001708984375,290.6670227050781,495.35595703125,0,209.22597197033718,0
2.842871728,455.987548828125,291.4709777832031,495.3586730957031,0,195.4263092221678,0
2.846754636,455.97216796875,292.2777099609375,495.3636169433594,0,191.0002218663707,0
2.850681195,455.9556579589844,293.0819091796875,495.3680419921875,0,198.90121931062126,0
2.855213787,455.938720703125,293.8871154785156,495.3691101074219,0,199.56532011407643,0
2.858920495,455.9238586425781,294.6967468261719,495.3660888671875,0,200.98647608401424,0
2.862886477,455.9053955078125,295.50726318359375,495.3548583984375,0,197.95941145393073,0
2.867098808,455.8886413574219,296.3186950683594,495.34930419921875,0,208.0532739779035,0
2.8710738,455.8713073730469,297.126220703125,495.3424072265625,0,196.61289369459396,0
2.874947822,455.8518981933594,297.93865966796875,495.3370056152344,0,208.6473547656734,0
2.879236746,455.8357849121094,298.7496032714844,495.33306884765625,0,201.61709297239508,0
2.883085155,455.8169860839844,299.5614318847656,495.3177795410156,0,201.81115395230913,0
2.887032063,455.8023681640625,300.3728332519531,495.30950927734375,0,204.63207974698892,0
2.891541413,455.78436279296875,301.1813049316406,495.3005676269531,0,193.56365666590875,0
2.89521926,455.7679138183594,301.9916076660156,495.30242919921875,0,209.73652488022944,0
2.899146467,455.753173828125,302.8019714355469,495.30291748046875,0,195.96888181826415,0
2.903515573,455.7383117675781,303.6085510253906,495.2969665527344,0,208.0777174162811,0
2.907276394,455.7254943847656,304.4207763671875,495.2947692871094,0,190.39187790264987,0
2.911317551,455.7099609375,305.2310791015625,495.29345703125,0,208.581372258762,0
2.9154867060000003,455.6958312988281,306.045654296875,495.2981262207031,0,198.80513266266067,0
2.919370731,455.6799011230469,306.8590087890625,495.2994384765625,0,197.59853955192816,0
2.923398469,455.66497802734375,307.6700134277344,495.30145263671875,0,209.3660841233188,0
2.9275991169999998,455.6500549316406,308.4804382324219,495.2986145019531,0,197.38838988177602,0
2.931494897,455.6340637207031,309.29595947265625,495.2950134277344,0,194.0282058065576,0
2.935481484,455.6192626953125,310.11358642578125,495.29376220703125,0,203.84322548920858,0
2.939707384,455.59967041015625,310.93310546875,495.29400634765625,0,191.14939869813205,0
2.943595899,455.5809326171875,311.7501220703125,495.2900695800781,0,208.9076724783567,0
2.94750613,455.5628356933594,312.56951904296875,495.288330078125,0,193.11027090096337,0
2.952003915,455.5445556640625,313.38507080078125,495.2802734375,0,191.71297178329093,0
2.955720521,455.52838134765625,314.2039794921875,495.2747802734375,0,192.112899300692,0
2.959678023,455.50921630859375,315.0216064453125,495.2623291015625,0,207.01948763682012,0
2.963889329,455.4920349121094,315.84320068359375,495.25714111328125,0,204.24951099401244,0
2.967767503,455.4779357910156,316.65924072265625,495.2552490234375,0,190.60746170796892,0
2.971701045,455.46533203125,317.47186279296875,495.25775146484375,0,206.7669566402505,0
2.976023047,455.4483947753906,318.2834167480469,495.25469970703125,0,198.57743431229582,0
2.97984149,455.4289855957031,319.0926513671875,495.2509460449219,0,190.89893296806164,0
2.983819487,455.41754150390625,319.8996887207031,495.248046875,0,191.62371411605747,0
2.98802205,455.40313720703125,320.7020568847656,495.2409973144531,0,195.8796634266607,0
2.9921976839999997,455.38751220703125,321.5054931640625,495.23468017578125,0,192.64974416551533,0
2.995988508,455.3709411621094,322.3109130859375,495.239501953125,0,190.52698952739038,0
3.000306066,455.35186767578125,323.115234375,495.2439880371094,0,197.51165444751265,0
3.004041605,455.336669921875,323.9163818359375,495.23956298828125,0,193.7966678076541,0
3.008000728,455.3238830566406,324.7185974121094,495.2314453125,0,206.1542742101223,0
3.012262882,455.3069152832031,325.52178955078125,495.22845458984375,0,195.29084727951468,0
3.016214165,455.2902526855469,326.31927490234375,495.2297058105469,0,207.83775750764016,0
3.020084577,455.2735900878906,327.11871337890625,495.2304382324219,0,203.78652346477392,0
3.024384772,455.2585144042969,327.92059326171875,495.2261657714844,0,192.46083954856311,0
3.028313974,455.2436218261719,328.7172546386719,495.2203674316406,0,208.90732255490784,0
3.03224841,455.2297668457031,329.5093994140625,495.2174072265625,0,206.24479736145952,0
3.036434032,455.2154235839844,330.30712890625,495.2115173339844,0,207.54141562160294,0
3.040336388,455.1947937011719,331.10491943359375,495.20074462890625,0,198.74283458123267,0
3.044311523,455.1768798828125,331.9007263183594,495.1951904296875,0,208.1764696832158,0
3.048719126,455.1592712402344,332.6999816894531,495.1905212402344,0,190.47747305481653,0
3.052487899,455.1405029296875,333.50103759765625,495.17413330078125,0,191.09898938924613,0
3.056451965,455.12103271484375,334.3009338378906,495.1658020019531,0,209.08085791437765,0
3.060588955,455.10614013671875,335.1007995605469,495.1683044433594,0,197.16567980745202,0
3.0644743,455.09033203125,335.90673828125,495.1702880859375,0,195.46899227640853,0
3.068485562,455.0747375488281,336.7127990722656,495.16961669921875,0,200.9259189223979,0
3.0728701,455.0575866699219,337.5231018066406,495.16583251953125,0,200.75020829032604,0
3.076593752,455.0437316894531,338.3345642089844,495.165283203125,0,203.84665157637681,0
3.080572798,455.0319519042969,339.1509704589844,495.1663818359375,0,208.24601957639794,0
3.084799351,455.0171203613281,339.9637145996094,495.1649475097656,0,206.62787762063834,0
3.088728188,455.0046691894531,340.7784729003906,495.16741943359375,0,205.64759264366887,0
3.092947637,454.991455078125,341.5913391113281,495.1714172363281,0,209.397340601409,0
3.097090634,454.97802734375,342.4041748046875,495.1774597167969,0,193.1721423851219,0
3.100817508,454.9611511230469,343.2189025878906,495.1741027832031,0,196.32709063947968,0
3.104769601,454.9385986328125,344.03485107421875,495.15966796875,0,191.95057692423381,0
3.109127916,454.92205810546875,344.85467529296875,495.1492614746094,0,208.33534444579223,0
3.113001866,454.9082946777344,345.6662902832031,495.1482238769531,0,191.09102947035544,0
3.116903788,454.8910827636719,346.4781494140625,495.14434814453125,0,198.38783433249935,0
3.121133264,454.8702392578125,347.29541015625,495.1311340332031,0,198.03963256119246,0
3.125072371,454.8531799316406,348.1176452636719,495.1221923828125,0,207.35941837740555,0
3.128964135,454.8343811035156,348.9339904785156,495.1138000488281,0,196.5139323397447,0
3.13319439,454.8188781738281,349.7456970214844,495.1112365722656,0,208.8162875422329,0
3.137125533,454.8045349121094,350.5604553222656,495.10931396484375,0,205.44416133543237,0
3.141041754,454.79144287109375,351.3705749511719,495.1074523925781,0,192.94115482552417,0
3.145400253,454.77587890625,352.1842956542969,495.106201171875,0,198.75936628104256,0
3.14920549,454.7618408203125,352.9950866699219,495.10516357421875,0,205.58295270403084,0
3.153262781,454.7467956542969,353.8083801269531,495.10430908203125,0,199.1525497372267,0
3.1574332,454.7310791015625,354.6241455078125,495.1036376953125,0,202.32865808793707,0
3.1612278639999998,454.7149658203125,355.4382019042969,495.1041259765625,0,197.89163623411645,0
3.165293681,454.6966247558594,356.25189208984375,495.1008605957031,0,204.2463508442833,0
3.169506607,454.6791687011719,357.0634765625,495.0934753417969,0,209.4140997785359,0
3.173438113,454.66363525390625,357.8743896484375,495.0924987792969,0,200.24374494055806,0
3.177401542,454.6460876464844,358.6822814941406,495.0934753417969,0,202.02649999471694,0
3.181606211,454.6268310546875,359.4930419921875,495.0888671875,0,195.09733704488227,0
3.185465102,454.6082763671875,360.3024597167969,495.078369140625,0,203.52666864574852,0
3.189394228,454.592041015625,361.1161804199219,495.0716857910156,0,192.49520092935754,0
3.194089825,454.57586669921875,361.9285888671875,495.0619812011719,0,201.78002723827,0
3.197667375,454.55999755859375,362.741943359375,495.05169677734375,0,209.59662828082725,0
3.20154672,454.5448913574219,363.5544738769531,495.0477294921875,0,202.9981674106441,0
3.205731925,454.530029296875,364.3707580566406,495.05194091796875,0,201.64728695294264,0
3.209695979,454.51385498046875,365.1847229003906,495.05072021484375,0,207.47797786135453,0
3.213634174,454.4988098144531,366.00567626953125,495.04827880859375,0,209.78893245405004,0
3.217899593,454.4796447753906,366.82513427734375,495.03515625,0,194.17371416480037,0
3.221763794,454.47039794921875,367.63800048828125,495.0415344238281,0,203.81147614605646,0
3.225714288,454.4580993652344,368.4425964355469,495.0440673828125,0,201.08533525027366,0
3.229999863,454.4445495605469,369.2555236816406,495.0436706542969,0,193.0746635577501,0
3.233963146,454.42596435546875,370.07342529296875,495.0329895019531,0,193.65286490802504,0
3.237877588,454.4046630859375,370.8923034667969,495.0221862792969,0,196.27093862523353,0
3.242184751,454.3861083984375,371.7098083496094,495.0185852050781,0,203.57112698317385,0
3.24592401,454.3691101074219,372.5335388183594,495.0174865722656,0,199.8206320631099,0
3.249912749,454.3529357910156,373.3521728515625,495.01422119140625,0,205.63967303669273,0
3.254178901,454.33453369140625,374.16693115234375,495.01043701171875,0,205.83928720142657,0
3.258094668,454.3208312988281,374.98602294921875,495.0094909667969,0,199.33205601379797,0
3.261986858,454.30718994140625,375.8022766113281,495.0067138671875,0,203.24529980602182,0
3.266213042,454.2905578613281,376.6145324707031,495.0051574707031,0,205.8791650102821,0
3.270138053,454.273681640625,377.4242858886719,494.9991760253906,0,194.58806745820402,0
3.274135639,454.2603454589844,378.2438049316406,494.9968566894531,0,190.77459893536582,0
3.278409281,454.2415771484375,379.0596008300781,494.9888610839844,0,204.68807431902965,0
3.282191857,454.2242431640625,379.8703308105469,494.98443603515625,0,202.82690632075509,0
3.286219378,454.2069091796875,380.67950439453125,494.97882080078125,0,201.28279258910536,0
3.290575219,454.1916198730469,381.4925231933594,494.9744567871094,0,193.02451036106075,0
3.2947173100000002,454.1727294921875,382.30615234375,494.96697998046875,0,209.24611383154982,0
3.29840166,454.15234375,383.117919921875,494.9591369628906,0,202.60252232762105,0
3.302599476,454.1363525390625,383.92864990234375,494.95172119140625,0,208.91658038626332,0
3.306460687,454.1234436035156,384.7359313964844,494.9486389160156,0,194.75671786403743,0
3.310374029,454.1100769042969,385.5406188964844,494.95068359375,0,207.07363963830161,0
3.314740701,454.0933837890625,386.3512268066406,494.9530334472656,0,201.8124424144545,0
3.318565483,454.079345703125,387.1595153808594,494.955078125,0,207.56302781853563,0
3.322530933,454.0666809082031,387.9666748046875,494.9471130371094,0,197.9081926633719,0
3.32673324,454.05206298828125,388.783935546875,494.9400634765625,0,206.3137152257,0
3.330586674,454.03302001953125,389.604248046875,494.9390563964844,0,195.12406443830898,0
3.334645101,454.01373291015625,390.42559814453125,494.94561767578125,0,206.8834693206203,0
3.338989787,453.99560546875,391.23785400390625,494.9411926269531,0,195.90723610266537,0
3.342716025,453.9817199707031,392.0477600097656,494.93206787109375,0,207.3892896670045,0
3.346662159,453.96759033203125,392.8670959472656,494.9247131347656,0,208.5931462269999,0
3.350924695,453.9466247558594,393.6833801269531,494.9185485839844,0,196.93122441049303,0
3.354953542,453.9277648925781,394.49658203125,494.91436767578125,0,204.0921067632414,0
3.358813441,453.9130859375,395.3149719238281,494.90948486328125,0,203.21289973996255,0
3.363051352,453.8974914550781,396.13568115234375,494.90411376953125,0,193.55381321026417,0
3.367033138,453.88043212890625,396.95159912109375,494.8923645019531,0,200.32032205340377,0
3.370914365,453.8691711425781,397.7649230957031,494.8908386230469,0,208.9547910028075,0
3.375198086,453.85675048828125,398.58331298828125,494.8851013183594,0,207.72046417142835,0
3.3790634,453.840087890625,399.4018249511719,494.8749694824219,0,198.4954500432178,0
3.382980042,453.82171630859375,400.22088623046875,494.8707580566406,0,196.97371682051067,0
3.387374772,453.8062744140625,401.0419921875,494.8759460449219,0,202.3702879901666,0
3.391095586,453.78533935546875,401.8634033203125,494.87359619140625,0,205.89543443038497,0
3.395369085,453.766357421875,402.6778869628906,494.86669921875,0,196.23825115409622,0
3.399348602,453.7535095214844,403.49462890625,494.86676025390625,0,209.9177575578016,0
3.4032090569999998,453.73736572265625,404.3076171875,494.8548583984375,0,202.23352194534792,0
3.407169322,453.72186279296875,405.1258239746094,494.84625244140625,0,206.10918206731313,0
3.411383616,453.70843505859375,405.9454345703125,494.8501281738281,0,198.7768449078345,0
3.41538306,453.69183349609375,406.761474609375,494.852294921875,0,200.97949971659864,0
3.419313108,453.67156982421875,407.58221435546875,494.85186767578125,0,200.35033448385695,0
3.42354285,453.65478515625,408.40374755859375,494.8477478027344,0,190.7523337496672,0
3.427404819,453.6402893066406,409.2234191894531,494.8415222167969,0,193.6102627869485,0
3.431373447,453.6203918457031,410.03900146484375,494.83477783203125,0,201.1735622805462,0
3.435919091,453.6033020019531,410.85772705078125,494.8335266113281,0,195.95382608618047,0
3.439553095,453.589599609375,411.678955078125,494.8345031738281,0,207.56617177812907,0
3.443218952,453.57208251953125,412.49200439453125,494.8229064941406,0,199.7912122164384,0
3.447417907,453.55731201171875,413.3085021972656,494.816162109375,0,197.9402467944743,0
3.451329279,453.5440368652344,414.1259765625,494.8153381347656,0,190.0418319096862,0
3.455235569,453.5277404785156,414.9378356933594,494.81256103515625,0,198.50337532813887,0
3.459502593,453.51239013671875,415.7496337890625,494.8111877441406,0,191.18601775397698,0
3.463352512,453.5015869140625,416.5526123046875,494.8037109375,0,204.72441321804655,0
3.467363137,453.4909973144531,417.3580627441406,494.7981262207031,0,204.62748516133266,0
3.4715603870000002,453.4736022949219,418.1618347167969,494.7915954589844,0,193.978179459322,0
3.475517705,453.4537048339844,418.9734191894531,494.78759765625,0,195.82062025749073,0
3.479449167,453.4341125488281,419.7828369140625,494.77557373046875,0,196.81140226374563,0
3.48383342,453.4126892089844,420.5914001464844,494.7683410644531,0,195.8143679420732,0
3.48760146,453.3965759277344,421.3971252441406,494.7683410644531,0,197.52449504453466,0
3.491589934,453.3836975097656,422.1986083984375,494.7727355957031,0,190.0156075137684,0
3.496120849,453.3663024902344,422.99554443359375,494.76800537109375,0,201.48511587941817,0
3.499820298,453.3501281738281,423.79443359375,494.76092529296875,0,201.29282210280755,0
3.5036262860000003,453.3345031738281,424.59393310546875,494.7546691894531,0,202.39545340289678,0
3.50803121,453.3189697265625,425.3944091796875,494.7504577636719,0,192.6687717733289,0
3.511892594,453.3004455566406,426.1964416503906,494.7461242675781,0,207.8695537381819,0
3.516010339,453.2861022949219,426.9961242675781,494.7541198730469,0,196.23580925148218,0
3.5202157720000002,453.2685241699219,427.7947082519531,494.7532958984375,0,194.08765635940753,0
3.52414076,453.2526550292969,428.5886535644531,494.7425537109375,0,197.65909637272455,0
3.528101527,453.2407531738281,429.38360595703125,494.7366638183594,0,195.24730430095923,0
3.532448312,453.2283020019531,430.1787109375,494.7350769042969,0,198.21233822632988,0
3.536345849,453.211669921875,430.97442626953125,494.7333679199219,0,197.98074568924199,0
3.5402279439999997,453.19677734375,431.7714538574219,494.7289123535156,0,191.27116018355505,0
3.5444538899999998,453.1790771484375,432.57379150390625,494.72235107421875,0,193.1734633660425,0
3.548372033,453.16058349609375,433.3756408691406,494.7076416015625,0,190.9122000494454,0
3.552259383,453.1470031738281,434.17041015625,494.7079772949219,0,192.47121296187004,0
3.556639566,453.1357116699219,434.9643249511719,494.7084045410156,0,209.73183870011522,0
3.560439787,453.11932373046875,435.7582092285156,494.6929931640625,0,198.03964560624982,0
3.56440111,453.1017761230469,436.56146240234375,494.68585205078125,0,191.6433854178455,0
3.568626823,453.0855407714844,437.3649597167969,494.6866760253906,0,207.96412476685452,0
3.5724917400000002,453.0711364746094,438.1581726074219,494.68426513671875,0,203.4892643366635,0
3.576564451,453.0576477050781,438.9545593261719,494.67913818359375,0,191.1925540846978,0
3.58090569,453.0423583984375,439.752197265625,494.6737060546875,0,201.8235561923266,0
3.584616346,453.02374267578125,440.54632568359375,494.6703796386719,0,197.9820431123844,0
3.588530943,453.0025939941406,441.3442687988281,494.6694030761719,0,202.46933828762485,0
3.592773924,452.9844970703125,442.14337158203125,494.6710510253906,0,198.83639270681005,0
3.5970621879999998,452.9635314941406,442.93267822265625,494.6551208496094,0,201.82389021470482,0
3.600753541,452.9505920410156,443.72265625,494.6474304199219,0,204.96772560442645,0
3.604962282,452.9414367675781,444.5202941894531,494.64111328125,0,195.759295052294,0
3.608788959,452.92218017578125,445.3145446777344,494.6330261230469,0,199.45577835417603,0
3.612782954,452.90789794921875,446.1084289550781,494.6365966796875,0,190.92899052572207,0
3.6170609259999997,452.8952941894531,446.9017028808594,494.6385803222656,0,191.3418040017548,0
3.620927378,452.87982177734375,447.7010498046875,494.63079833984375,0,190.00402970966417,0
3.624923452,452.86944580078125,448.4979553222656,494.6247863769531,0,193.77988914265498,0
3.629241383,452.8599853515625,449.29766845703125,494.6224670410156,0,200.76112164962748,0
3.63297616,452.8451232910156,450.1015625,494.6220397949219,0,204.42298515642779,0
3.6370144189999998,452.8319396972656,450.90533447265625,494.6177978515625,0,202.44351220690518,0
3.641178882,452.8170471191406,451.7160949707031,494.6166687011719,0,201.97686963249853,0
3.645114903,452.8002624511719,452.524658203125,494.61407470703125,0,205.75030730867277,0
3.649071064,452.784423828125,453.33294677734375,494.61566162109375,0,192.85295168931546,0
3.653300315,452.7659912109375,454.134033203125,494.6137390136719,0,208.42685937327758,0
3.657259902,452.74798583984375,454.9308776855469,494.6094665527344,0,207.74937912753546,0
3.661118167,452.7307434082031,455.72784423828125,494.6005859375,0,191.86099273164072,0
3.665379289,452.711669921875,456.5273132324219,494.5917663574219,0,209.7501657398159,0
3.669221092,452.6904602050781,457.3251647949219,494.5813293457031,0,192.45245135511482,0
3.673208627,452.668701171875,458.1273498535156,494.5672302246094,0,198.2052274981164,0
3.677709922,452.649658203125,458.9310607910156,494.55609130859375,0,192.74668243452868,0
3.681415394,452.63067626953125,459.7265930175781,494.55010986328125,0,200.62654653366926,0
3.685365784,452.61468505859375,460.5265808105469,494.5456237792969,0,198.71222006842274,0
3.689521588,452.60247802734375,461.32562255859375,494.54254150390625,0,205.49052370653158,0
3.693471117,452.59356689453125,462.1234130859375,494.53387451171875,0,195.6891282844073,0
3.697708898,452.58172607421875,462.9266357421875,494.529052734375,0,196.95334953685995,0
