airflow,---,Apache Airflow,https://airflow.apache.org/,Apache-2.0,true
angular,---,AngularJS,https://angularjs.org/,MIT,true
apptainer,---,Apptainer,https://apptainer.org/,BSD-3-Clause,true
astro,---,AstroJS,https://astro.build/,MIT,true
c#,programming_language::Csharp,C sharp,https://dotnet.microsoft.com/en-us/languages/csharp/,MIT,true
c++,programming_language::Cpp,Cpp,https://isocpp.org/,Various,false
celery,---,Celery,https://github.com/celery/celery,BSD-3-Clause,true
cog,data_format::Cog,Cloud Optimized GeoTIFF,https://github.com/cogeotiff/cog-spec/,Various,false
conda,---,miniconda,https://github.com/conda/conda,BSD-3-Clause,true
mamba,---,micromamba,https://github.com/mamba-org/mamba/,BSD-3-Clause,true
css,programming_language::Css,Cascading Style Sheets,https://www.w3.org/groups/wg/css/,W3C,true
cuda,---,NVIDIA CUDA,https://developer.nvidia.com/cuda-toolkit/,Proprietary,false
docker,---,Docker Engine,https://github.com/moby/moby,Apache-2.0,true
duckdb,database::Duckdb,DuckDB,https://duckdb.org/,MIT,true
fortran,programming_language::Fortran,---,https://fortran-lang.org/,Various,true
gdal,---,Geospatial Data Abstraction Library,https://gdal.org/,MIT,true
geoparquet,data_format::Geoparquet,GeoParquet,https://geoparquet.org/,Apache-2.0,true
geoserver,,GeoServer,https://geoserver.org/,GPL-2.0-only,true
geotiff,data_format::Geotiff,GeoTIFF,https://www.ogc.org/standards/geotiff/,CC0-1.0,true
git,,Git SCM,https://git-scm.com/,GPL-2.0-only,true
go,programming_language::Go,Golang,https://go.dev/,BSD-3-Clause,true
hdf5,data_format::Hdf5,HDF5,https://www.hdfgroup.org/solutions/hdf5/,BSD-3-Clause,true
html,programming_language::Html,HTML,https://html.spec.whatwg.org/,W3C,true
java,programming_language::Java,Oracle Java,https://www.java.com/,GPL-2.0-with-classpath-exception,true
javascript,programming_language::Ecmascript,JavaScript,NodeJS,Various,true
julia,programming_language::Julia,jl,https://julialang.org/,MIT,true
jupyter,---,Jupyter,https://jupyter.org/,BSD-3-Clause,true
keras,---,Keras,https://keras.io/,Apache-2.0,true
kokkos,---,Kokkos,https://kokkos.org/,Apache-2.0,true
kotlin,programming_language::Kotlin,kt,https://kotlinlang.org/,Apache-2.0,true
kubernetes,---,k8s,https://kubernetes.io/,Apache-2.0,true
latex,---,LaTeX,https://www.latex-project.org/,LPPL-1.3c,true
mariadb,---,MariaDB,https://mariadb.org/,GPL-2.0-only,true
mathematica,programming_language::Mathematica,Mathematica,https://www.wolfram.com/mathematica/,Proprietary,false
matlab,---,MathWorks MATLAB,https://www.latex-project.org/,Proprietary,false
matplotlib,---,Matplotlib,https://matplotlib.org/,PSF-based,true
mysql,database::Mysql,MySQL,https://www.mysql.com/,GPL-2.0-only,true
nanopublication,data_format::Nanopublication,Nanopublication,https://nanopub.net/,MIT,true
neo4j,database::Neo4j,Neo4j Community,https://github.com/neo4j/neo4j/,GPL-3.0-only,true
nix,---,Nix,https://nixos.org/,LGPL-2.1-only,true
node,programming_language::Nodejs,NodeJS,https://nodejs.org/,MIT,true
numpy,---,NumPy,https://numpy.org/,BSD-3-Clause,true
octave,programming_language::Octave,GNU Octave,https://octave.org/,GPL-3.0-or-later,true
open mpi,---,Open MPI,https://www.open-mpi.org/,BSD-3-Clause,true
opensearch,---,OpenSearch,https://opensearch.org/,Apache-2.0,true
openshift,---,Red Hat OpenShift,https://www.redhat.com/en/technologies/cloud-computing/openshift/,Apache-2.0,true
owl,data_format::Owl,Web Ontology Language,https://www.w3.org/TR/owl2-overview/,W3C,true
pandas,---,Pandas,https://pandas.pydata.org/,BSD-3-Clause,true
parquet,data_format::Parquet,Apache Parquet,https://parquet.apache.org/,Apache-2.0,true
perl,programming_language::Perl,Perl,https://www.perl.org/,GPL-1.0-or-later,true
plotly,---,Plotly,https://plotly.com/,MIT,true
podman,---,Podman,https://podman.io/,Apache-2.0,true
polars,---,Polars,https://pola.rs/,MIT,true
postgis,---,PostGIS,https://postgis.net/,GPL-2.0-only,true
postgresql,database::Postgresql,PostgreSQL,https://www.postgresql.org/,PostgreSQL,true
powershell,programming_language::Powershell,pwsh,https://github.com/PowerShell/PowerShell/,MIT,true
prefect,,Prefect Open Source,https://www.prefect.io/,Apache-2.0,true
python,programming_language::Python,py,https://www.python.org/,PSF-2.0,true
pytorch,,PyTorch,https://pytorch.org/,BSD-3-Clause,true
r,programming_language::R_language,R,https://www.r-project.org/,GPL-3.0-only,true
rasterio,---,Rasterio,https://github.com/rasterio/rasterio/,BSD-3-Clause,true
rdf,data_format::Rdf,Resource Description Framework,https://www.w3.org/RDF/,W3C,true
react,---,ReactJS,https://react.dev/,MIT,true
redis,database::Redis,Redis Open Source,https://redis.io/,Proprietary,true
rocq,programming_language::Rocq,ROCQ Prover,https://rocq-prover.org/,LGPL-2.1-only,true
ruby,programming_language::Ruby,rb,https://www.ruby-lang.org/,BSD-2-Clause,true
rust,programming_language::Rust,rs,https://www.rust-lang.org/,MIT,true
sass,programming_language::Sass,scss,https://sass-lang.com/,MIT,true
scikit-learn,---,SciKit-Learn,https://scikit-learn.org/,BSD-3-Clause,true
scipy,---,SciPy,https://scipy.org/,BSD-3-Clause,true
seaborn,---,Seaborn,https://seaborn.pydata.org/,BSD-3-Clause,true
slurm,---,Slurm Workload Manager,https://slurm.schedmd.com/overview.html/,GPL-2.0-only,true
solr,---,Apache Solr,https://solr.apache.org/,Apache-2.0,true
sqlite,database::Sqlite,SQLite,https://www.sqlite.org/,Public-Domain,true
stan,programming_language::Stan,Stan,https://mc-stan.org/,BSD-3-Clause,true
tensorflow,---,TensorFlow,https://www.tensorflow.org/,Apache-2.0,true
typescript,programming_language::Typescript,Typescript,https://www.typescriptlang.org/,Apache-2.0,true
typespec,programming_language::Typespec,TypeSpec,https://typespec.io/,MIT,true
unity,---,Unity,https://unity.com/,Proprietary,false
unreal engine,---,Unreal Engine,https://www.unrealengine.com/,Proprietary,false
vhdl,programming_language::Vhdl,VHSIC Hardware Description Language,---,Various,false
visual basic,programming_language::Visual,VB,---,Proprietary,false
vllm,---,vLLM,https://github.com/vllm-project/vllm/,Apache-2.0,true
wasm,---,WebAssembly,https://webassembly.org/,Apache-2.0,true